id	node1	node1;label	label	label;label	node2	node2;label	node2;wikidatatype	id	node1	node1;label	label	label;label	node2	node2;label	node2;wikidatatype
Q155-P2936-Q2829146-98c57805-0	Q155	'Brazil'@en	P2936	'language used'@en	Q2829146	'Acroá'@en	wikibase-item								
Q155-P2936-Q3508007-4048f129-0	Q155	'Brazil'@en	P2936	'language used'@en	Q3508007	'Agavotaguerra'@en	wikibase-item								
Q155-P2936-Q3409307-84a8b6e0-0	Q155	'Brazil'@en	P2936	'language used'@en	Q3409307	'Aikanã'@en	wikibase-item								
Q155-P2936-Q28059-6fb61870-0	Q155	'Brazil'@en	P2936	'language used'@en	Q28059	'Akawaio'@en	wikibase-item								
Q155-P2936-Q4701960-ba7f4010-0	Q155	'Brazil'@en	P2936	'language used'@en	Q4701960	'Akuntsu'@en	wikibase-item								
Q155-P2936-Q2669150-a29f092a-0	Q155	'Brazil'@en	P2936	'language used'@en	Q2669150	'Amahuaca'@en	wikibase-item								
Q155-P2936-Q3508053-9299d565-0	Q155	'Brazil'@en	P2936	'language used'@en	Q3508053	'Amanayé'@en	wikibase-item								
Q155-P2936-Q3915522-4fccad71-0	Q155	'Brazil'@en	P2936	'language used'@en	Q3915522	'Amonap'@en	wikibase-item								
Q155-P2936-Q12626847-97c21293-0	Q155	'Brazil'@en	P2936	'language used'@en	Q12626847	'Amundava'@en	wikibase-item								
Q155-P2936-Q3507873-d66cac0b-0	Q155	'Brazil'@en	P2936	'language used'@en	Q3507873	'Anambé'@en	wikibase-item								
Q155-P2936-Q2736980-2402f780-0	Q155	'Brazil'@en	P2936	'language used'@en	Q2736980	'Apalaí'@en	wikibase-item								
Q155-P2936-Q3507941-7f08339a-0	Q155	'Brazil'@en	P2936	'language used'@en	Q3507941	'Apiaká'@en	wikibase-item								
Q155-P2936-Q2858311-ab472db3-0	Q155	'Brazil'@en	P2936	'language used'@en	Q2858311	'Apinayé'@en	wikibase-item								
Q155-P2936-Q2859081-1b2efd23-0	Q155	'Brazil'@en	P2936	'language used'@en	Q2859081	'Apurinã'@en	wikibase-item								
Q155-P2936-Q9627356-431b77ce-0	Q155	'Brazil'@en	P2936	'language used'@en	Q9627356	'Arap'@en	wikibase-item								
Q155-P2936-Q63339949-e8c68800-0	Q155	'Brazil'@en	P2936	'language used'@en	Q63339949	'Ararandewára'@en	wikibase-item								
Q155-P2936-Q4784535-b9dbd8be-0	Q155	'Brazil'@en	P2936	'language used'@en	Q4784535	'Araweté'@en	wikibase-item								
Q155-P2936-Q3446640-9ae22ff2-0	Q155	'Brazil'@en	P2936	'language used'@en	Q3446640	'Arikapú'@en	wikibase-item								
Q155-P2936-Q3446679-b13c19aa-0	Q155	'Brazil'@en	P2936	'language used'@en	Q3446679	'Arikem'@en	wikibase-item								
Q155-P2936-Q56609-437a4a86-0	Q155	'Brazil'@en	P2936	'language used'@en	Q56609	'Arutani'@en	wikibase-item								
Q155-P2936-Q3507907-efdac25e-0	Q155	'Brazil'@en	P2936	'language used'@en	Q3507907	'Aruáshi'@en	wikibase-item								
Q155-P2936-Q3507932-4619ea19-0	Q155	'Brazil'@en	P2936	'language used'@en	Q3507932	'Atorada'@en	wikibase-item								
Q155-P2936-Q3507995-43e975e0-0	Q155	'Brazil'@en	P2936	'language used'@en	Q3507995	'Aurá'@en	wikibase-item								
Q155-P2936-Q2873230-649a6f84-0	Q155	'Brazil'@en	P2936	'language used'@en	Q2873230	'Ava Guarani'@en	wikibase-item								
Q155-P2936-Q4829584-4741cb54-0	Q155	'Brazil'@en	P2936	'language used'@en	Q4829584	'Avá-Canoeiro'@en	wikibase-item								
Q155-P2936-Q4830038-3afeb1be-0	Q155	'Brazil'@en	P2936	'language used'@en	Q4830038	'Awetï'@en	wikibase-item								
Q155-P2936-Q56846-c07fe7ad-0	Q155	'Brazil'@en	P2936	'language used'@en	Q56846	'Bakairi'@en	wikibase-item								
Q155-P2936-Q32986-4a05a7d2-0	Q155	'Brazil'@en	P2936	'language used'@en	Q32986	'Bororo'@en	wikibase-item								
Q155-P2936-Q3436689-97e77878-0	Q155	'Brazil'@en	P2936	'language used'@en	Q3436689	'Brazilian Sign Language'@en	wikibase-item								
Q155-P2936-Q3331506-98d22278-0	Q155	'Brazil'@en	P2936	'language used'@en	Q3331506	'Cafundó'@en	wikibase-item								
Q155-P2936-Q2936334-05bc587e-0	Q155	'Brazil'@en	P2936	'language used'@en	Q2936334	'Canela'@en	wikibase-item								
Q155-P2936-Q924405-09de1bc2-0	Q155	'Brazil'@en	P2936	'language used'@en	Q924405	'Carapana'@en	wikibase-item								
Q155-P2936-Q2591230-04e56fb3-0	Q155	'Brazil'@en	P2936	'language used'@en	Q2591230	'Cashinahua'@en	wikibase-item								
Q155-P2936-Q1844993-06e64b63-0	Q155	'Brazil'@en	P2936	'language used'@en	Q1844993	'Chiquitano'@en	wikibase-item								
Q155-P2936-Q5121095-b328f199-0	Q155	'Brazil'@en	P2936	'language used'@en	Q5121095	'Cinta Larga'@en	wikibase-item								
Q155-P2936-Q3006705-ab518668-0	Q155	'Brazil'@en	P2936	'language used'@en	Q3006705	'Cubeo'@en	wikibase-item								
Q155-P2936-Q2475442-5ddc50c1-0	Q155	'Brazil'@en	P2936	'language used'@en	Q2475442	'Culina'@en	wikibase-item								
Q155-P2936-Q2882543-d3c65489-0	Q155	'Brazil'@en	P2936	'language used'@en	Q2882543	'Curripaco'@en	wikibase-item								
Q155-P2936-Q56562-cb75b806-0	Q155	'Brazil'@en	P2936	'language used'@en	Q56562	'Deni'@en	wikibase-item								
Q155-P2936-Q962392-dddb4234-0	Q155	'Brazil'@en	P2936	'language used'@en	Q962392	'Desano'@en	wikibase-item								
Q155-P2936-Q3042278-022ce115-0	Q155	'Brazil'@en	P2936	'language used'@en	Q3042278	'Dâw'@en	wikibase-item								
Q155-P2936-Q3307184-af656089-0	Q155	'Brazil'@en	P2936	'language used'@en	Q3307184	'Enawene Nawe'@en	wikibase-item								
Q155-P2936-Q774441-f0870e1a-0	Q155	'Brazil'@en	P2936	'language used'@en	Q774441	'Fulniô'@en	wikibase-item								
Q155-P2936-Q5528335-1dc4f4b1-0	Q155	'Brazil'@en	P2936	'language used'@en	Q5528335	'Gavião of Jiparaná'@en	wikibase-item								
Q155-P2936-Q57420736-ae77845d-0	Q155	'Brazil'@en	P2936	'language used'@en	Q57420736	'Guajajára'@en	wikibase-item								
Q155-P2936-Q3915506-50844310-0	Q155	'Brazil'@en	P2936	'language used'@en	Q3915506	'Guajá'@en	wikibase-item								
Q155-P2936-Q3027940-a662ca0c-0	Q155	'Brazil'@en	P2936	'language used'@en	Q3027940	'Guató'@en	wikibase-item								
Q155-P2936-Q5765127-bfae7504-0	Q155	'Brazil'@en	P2936	'language used'@en	Q5765127	'Himarimã'@en	wikibase-item								
Q155-P2936-Q56522-cb04fa27-0	Q155	'Brazil'@en	P2936	'language used'@en	Q56522	'Hixkaryana'@en	wikibase-item								
Q155-P2936-Q3441418-7d565076-0	Q155	'Brazil'@en	P2936	'language used'@en	Q3441418	'Huamoé'@en	wikibase-item								
Q155-P2936-Q304049-bd97d81f-0	Q155	'Brazil'@en	P2936	'language used'@en	Q304049	'Hunsrik'@en	wikibase-item								
Q155-P2936-Q3143384-d7d9af86-0	Q155	'Brazil'@en	P2936	'language used'@en	Q3143384	'Hup'@en	wikibase-item								
Q155-P2936-Q9344891-7f8b0130-0	Q155	'Brazil'@en	P2936	'language used'@en	Q9344891	'Ikpeng'@en	wikibase-item								
Q155-P2936-Q3409301-92acc695-0	Q155	'Brazil'@en	P2936	'language used'@en	Q3409301	'Irantxe'@en	wikibase-item								
Q155-P2936-Q2060023-95fc202e-0	Q155	'Brazil'@en	P2936	'language used'@en	Q2060023	'Jabutí'@en	wikibase-item								
Q155-P2936-Q3053275-cc1cc823-0	Q155	'Brazil'@en	P2936	'language used'@en	Q3053275	'Jamamadí'@en	wikibase-item								
Q155-P2936-Q4023175-974a6719-0	Q155	'Brazil'@en	P2936	'language used'@en	Q4023175	'Jurúna'@en	wikibase-item								
Q155-P2936-Q12953587-a985b9ff-0	Q155	'Brazil'@en	P2936	'language used'@en	Q12953587	'Júma'@en	wikibase-item								
Q155-P2936-Q3322101-7a3a79d8-0	Q155	'Brazil'@en	P2936	'language used'@en	Q3322101	'Ka\'apor Sign Language'@en	wikibase-item								
Q155-P2936-Q18168288-15ab5e27-0	Q155	'Brazil'@en	P2936	'language used'@en	Q18168288	'Kadiweu'@en	wikibase-item								
Q155-P2936-Q6348017-add8cafc-0	Q155	'Brazil'@en	P2936	'language used'@en	Q6348017	'Kaimbé'@en	wikibase-item								
Q155-P2936-Q2665734-3a248cc8-0	Q155	'Brazil'@en	P2936	'language used'@en	Q2665734	'Kaingang'@en	wikibase-item								
Q155-P2936-Q3111883-d5d7ae82-0	Q155	'Brazil'@en	P2936	'language used'@en	Q3111883	'Kaiwá'@en	wikibase-item								
Q155-P2936-Q3192316-891b4183-0	Q155	'Brazil'@en	P2936	'language used'@en	Q3192316	'Kamakan'@en	wikibase-item								
Q155-P2936-Q3192336-27ffd484-0	Q155	'Brazil'@en	P2936	'language used'@en	Q3192336	'Kamayurá'@en	wikibase-item								
Q155-P2936-Q9006744-7efaf560-0	Q155	'Brazil'@en	P2936	'language used'@en	Q9006744	'Kambiwá'@en	wikibase-item								
Q155-P2936-Q3438373-1c8b1d93-0	Q155	'Brazil'@en	P2936	'language used'@en	Q3438373	'Kanamarí'@en	wikibase-item								
Q155-P2936-Q4356223-6dc607fb-0	Q155	'Brazil'@en	P2936	'language used'@en	Q4356223	'Kanoê'@en	wikibase-item								
Q155-P2936-Q6366667-eeec9183-0	Q155	'Brazil'@en	P2936	'language used'@en	Q6366667	'Kapinawá'@en	wikibase-item								
Q155-P2936-Q10322066-60928f6d-0	Q155	'Brazil'@en	P2936	'language used'@en	Q10322066	'Karajá'@en	wikibase-item								
Q155-P2936-Q6371069-4aa0e450-0	Q155	'Brazil'@en	P2936	'language used'@en	Q6371069	'Karipuna'@en	wikibase-item								
Q155-P2936-Q6371071-e14fe3e1-0	Q155	'Brazil'@en	P2936	'language used'@en	Q6371071	'Karipuna'@en	wikibase-item								
Q155-P2936-Q2523999-7ea31cda-0	Q155	'Brazil'@en	P2936	'language used'@en	Q2523999	'Karipúna Creole French'@en	wikibase-item								
Q155-P2936-Q3112184-6769d94f-0	Q155	'Brazil'@en	P2936	'language used'@en	Q3112184	'Karitiâna'@en	wikibase-item								
Q155-P2936-Q3440512-29b18c9f-0	Q155	'Brazil'@en	P2936	'language used'@en	Q3440512	'Katawixi'@en	wikibase-item								
Q155-P2936-Q3450636-0ca1c98e-0	Q155	'Brazil'@en	P2936	'language used'@en	Q3450636	'Katukína'@en	wikibase-item								
Q155-P2936-Q6380124-83f85856-0	Q155	'Brazil'@en	P2936	'language used'@en	Q6380124	'Kaxararí'@en	wikibase-item								
Q155-P2936-Q12953626-4a2942bf-0	Q155	'Brazil'@en	P2936	'language used'@en	Q12953626	'Kaxuiâna'@en	wikibase-item								
Q155-P2936-Q6380372-751c18ab-0	Q155	'Brazil'@en	P2936	'language used'@en	Q6380372	'Kayabi'@en	wikibase-item								
Q155-P2936-Q3195366-cc04842c-0	Q155	'Brazil'@en	P2936	'language used'@en	Q3195366	'Kepkiriwát'@en	wikibase-item								
Q155-P2936-Q53386731-a9038ef2-0	Q155	'Brazil'@en	P2936	'language used'@en	Q53386731	'Kinikinao'@en	wikibase-item								
Q155-P2936-Q6432560-34e86ad9-0	Q155	'Brazil'@en	P2936	'language used'@en	Q6432560	'Koropó'@en	wikibase-item								
Q155-P2936-Q3199022-77845bbc-0	Q155	'Brazil'@en	P2936	'language used'@en	Q3199022	'Korubo'@en	wikibase-item								
Q155-P2936-Q3199549-aeb41fd0-0	Q155	'Brazil'@en	P2936	'language used'@en	Q3199549	'Krahô'@en	wikibase-item								
Q155-P2936-Q6436747-afcd5dd1-0	Q155	'Brazil'@en	P2936	'language used'@en	Q6436747	'Krenak'@en	wikibase-item								
Q155-P2936-Q3199686-16cf8d51-0	Q155	'Brazil'@en	P2936	'language used'@en	Q3199686	'Kreye'@en	wikibase-item								
Q155-P2936-Q3199710-f7f05397-0	Q155	'Brazil'@en	P2936	'language used'@en	Q3199710	'Krikati-Timbira'@en	wikibase-item								
Q155-P2936-Q6443027-5148397e-0	Q155	'Brazil'@en	P2936	'language used'@en	Q6443027	'Kulino'@en	wikibase-item								
Q155-P2936-Q3200633-0c58cd16-0	Q155	'Brazil'@en	P2936	'language used'@en	Q3200633	'Kuruáya'@en	wikibase-item								
Q155-P2936-Q3200839-779cc6a3-0	Q155	'Brazil'@en	P2936	'language used'@en	Q3200839	'Kwaza'@en	wikibase-item								
Q155-P2936-Q20527166-3d3ec576-0	Q155	'Brazil'@en	P2936	'language used'@en	Q20527166	'Lakondê'@en	wikibase-item								
Q155-P2936-Q63259736-739cc677-0	Q155	'Brazil'@en	P2936	'language used'@en	Q63259736	'Latundê'@en	wikibase-item								
Q155-P2936-Q25433-a5e90931-0	Q155	'Brazil'@en	P2936	'language used'@en	Q25433	'Low German'@en	wikibase-item								
Q155-P2936-Q12953681-4b23502d-0	Q155	'Brazil'@en	P2936	'language used'@en	Q12953681	'Machinere'@en	wikibase-item								
Q155-P2936-Q3275059-53498541-0	Q155	'Brazil'@en	P2936	'language used'@en	Q3275059	'Macuna'@en	wikibase-item								
Q155-P2936-Q56633-2b783526-0	Q155	'Brazil'@en	P2936	'language used'@en	Q56633	'Macushi'@en	wikibase-item								
Q155-P2936-Q3281037-93d42117-0	Q155	'Brazil'@en	P2936	'language used'@en	Q3281037	'Makurap'@en	wikibase-item								
Q155-P2936-Q3284890-dc945ed8-0	Q155	'Brazil'@en	P2936	'language used'@en	Q3284890	'Mamaindê'@en	wikibase-item								
Q155-P2936-Q6753812-1a6af976-0	Q155	'Brazil'@en	P2936	'language used'@en	Q6753812	'Mapidian'@en	wikibase-item								
Q155-P2936-Q6765915-165a0af1-0	Q155	'Brazil'@en	P2936	'language used'@en	Q6765915	'Maritsauá'@en	wikibase-item								
Q155-P2936-Q3296011-eeb33530-0	Q155	'Brazil'@en	P2936	'language used'@en	Q3296011	'Marúbo'@en	wikibase-item								
Q155-P2936-Q6787588-d24cbc00-0	Q155	'Brazil'@en	P2936	'language used'@en	Q6787588	'Matipuhy'@en	wikibase-item								
Q155-P2936-Q3299145-670931c6-0	Q155	'Brazil'@en	P2936	'language used'@en	Q3299145	'Matis'@en	wikibase-item								
Q155-P2936-Q3446660-d164d2ef-0	Q155	'Brazil'@en	P2936	'language used'@en	Q3446660	'Mato Grosso Arára'@en	wikibase-item								
Q155-P2936-Q2981620-02084f4d-0	Q155	'Brazil'@en	P2936	'language used'@en	Q2981620	'Matsés'@en	wikibase-item								
Q155-P2936-Q6794475-140effd7-0	Q155	'Brazil'@en	P2936	'language used'@en	Q6794475	'Mawé'@en	wikibase-item								
Q155-P2936-Q3029682-2773d8f5-0	Q155	'Brazil'@en	P2936	'language used'@en	Q3029682	'Maxakalí'@en	wikibase-item								
Q155-P2936-Q3915584-e1c9047a-0	Q155	'Brazil'@en	P2936	'language used'@en	Q3915584	'Mbyá Guaraní'@en	wikibase-item								
Q155-P2936-Q3501838-b0d1aa9a-0	Q155	'Brazil'@en	P2936	'language used'@en	Q3501838	'Mehinaku'@en	wikibase-item								
Q155-P2936-Q6873567-adb5dfce-0	Q155	'Brazil'@en	P2936	'language used'@en	Q6873567	'Miriti'@en	wikibase-item								
Q155-P2936-Q6898840-015048ae-0	Q155	'Brazil'@en	P2936	'language used'@en	Q6898840	'Mondé'@en	wikibase-item								
Q155-P2936-Q12953749-989a19dc-0	Q155	'Brazil'@en	P2936	'language used'@en	Q12953749	'Morerebi'@en	wikibase-item								
Q155-P2936-Q746723-ec2b99c9-0	Q155	'Brazil'@en	P2936	'language used'@en	Q746723	'Munduruku'@en	wikibase-item								
Q155-P2936-Q2032882-307347fa-0	Q155	'Brazil'@en	P2936	'language used'@en	Q2032882	'Máku'@en	wikibase-item								
Q155-P2936-Q3101212-26c546e9-0	Q155	'Brazil'@en	P2936	'language used'@en	Q3101212	'Mẽbêngôkre'@en	wikibase-item								
Q155-P2936-Q3335011-dd54eafa-0	Q155	'Brazil'@en	P2936	'language used'@en	Q3335011	'Nadëb'@en	wikibase-item								
Q155-P2936-Q2068190-e8e34f72-0	Q155	'Brazil'@en	P2936	'language used'@en	Q2068190	'Nambikwara'@en	wikibase-item								
Q155-P2936-Q34333-2211888c-0	Q155	'Brazil'@en	P2936	'language used'@en	Q34333	'Nheengatu'@en	wikibase-item								
Q155-P2936-Q3436586-94c05674-0	Q155	'Brazil'@en	P2936	'language used'@en	Q3436586	'Ninam'@en	wikibase-item								
Q155-P2936-Q3346231-02ce10a7-0	Q155	'Brazil'@en	P2936	'language used'@en	Q3346231	'Nukuini'@en	wikibase-item								
Q155-P2936-Q3446691-c3530ee5-0	Q155	'Brazil'@en	P2936	'language used'@en	Q3446691	'Ofayé'@en	wikibase-item								
Q155-P2936-Q3450423-8e6fa7fd-0	Q155	'Brazil'@en	P2936	'language used'@en	Q3450423	'Oro Win'@en	wikibase-item								
Q155-P2936-Q3357881-836e3c7a-0	Q155	'Brazil'@en	P2936	'language used'@en	Q3357881	'Oti'@en	wikibase-item								
Q155-P2936-Q7110049-4acdc5a0-0	Q155	'Brazil'@en	P2936	'language used'@en	Q7110049	'Otuke'@en	wikibase-item								
Q155-P2936-Q3073448-e86207d7-0	Q155	'Brazil'@en	P2936	'language used'@en	Q3073448	'Palikúr'@en	wikibase-item								
Q155-P2936-Q3361895-790b5121-0	Q155	'Brazil'@en	P2936	'language used'@en	Q3361895	'Panara'@en	wikibase-item								
Q155-P2936-Q25559779-fddc8a2f-0	Q155	'Brazil'@en	P2936	'language used'@en	Q25559779	'Pankararé'@en	wikibase-item								
Q155-P2936-Q7131310-a40f49b9-0	Q155	'Brazil'@en	P2936	'language used'@en	Q7131310	'Pankararú'@en	wikibase-item								
Q155-P2936-Q12953804-c893dd82-0	Q155	'Brazil'@en	P2936	'language used'@en	Q12953804	'Parakanã'@en	wikibase-item								
Q155-P2936-Q12953806-4e10749f-0	Q155	'Brazil'@en	P2936	'language used'@en	Q12953806	'Paranawát'@en	wikibase-item								
Q155-P2936-Q3504312-3dbe677f-0	Q155	'Brazil'@en	P2936	'language used'@en	Q3504312	'Paresí'@en	wikibase-item								
Q155-P2936-Q56807-31abbb6c-0	Q155	'Brazil'@en	P2936	'language used'@en	Q56807	'Pará Arára'@en	wikibase-item								
Q155-P2936-Q3365443-80c285a1-0	Q155	'Brazil'@en	P2936	'language used'@en	Q3365443	'Pará Gavião'@en	wikibase-item								
Q155-P2936-Q7144304-fa861cb8-0	Q155	'Brazil'@en	P2936	'language used'@en	Q7144304	'Pataxó'@en	wikibase-item								
Q155-P2936-Q389827-ca13e627-0	Q155	'Brazil'@en	P2936	'language used'@en	Q389827	'Paumarí'@en	wikibase-item								
Q155-P2936-Q10729616-527ee895-0	Q155	'Brazil'@en	P2936	'language used'@en	Q10729616	'Pemon'@en	wikibase-item								
Q155-P2936-Q33825-a98464e1-0	Q155	'Brazil'@en	P2936	'language used'@en	Q33825	'Pirahã'@en	wikibase-item								
Q155-P2936-Q3389119-3fcf5c5e-0	Q155	'Brazil'@en	P2936	'language used'@en	Q3389119	'Piratapuyo'@en	wikibase-item								
Q155-P2936-Q25559704-4252ae79-0	Q155	'Brazil'@en	P2936	'language used'@en	Q25559704	'Pokangá'@en	wikibase-item								
Q155-P2936-Q5146-2115a55a-0	Q155	'Brazil'@en	P2936	'language used'@en	Q5146	'Portuguese'@en	wikibase-item								
Q155-P2936-Q56722-a5f1755f-0	Q155	'Brazil'@en	P2936	'language used'@en	Q56722	'Potiguára'@en	wikibase-item								
Q155-P2936-Q3401023-6419593c-0	Q155	'Brazil'@en	P2936	'language used'@en	Q3401023	'Poyanáwa'@en	wikibase-item								
Q155-P2936-Q7261619-b4b17799-0	Q155	'Brazil'@en	P2936	'language used'@en	Q7261619	'Purubora'@en	wikibase-item								
Q155-P2936-Q7261687-a7889c93-0	Q155	'Brazil'@en	P2936	'language used'@en	Q7261687	'Purí'@en	wikibase-item								
Q155-P2936-Q35539-02b8639e-0	Q155	'Brazil'@en	P2936	'language used'@en	Q35539	'Ramarama'@en	wikibase-item								
Q155-P2936-Q2585357-4d6349e7-0	Q155	'Brazil'@en	P2936	'language used'@en	Q2585357	'Rikbaktsa'@en	wikibase-item								
Q155-P2936-Q3460478-14704dbd-0	Q155	'Brazil'@en	P2936	'language used'@en	Q3460478	'Sabanês'@en	wikibase-item								
Q155-P2936-Q3304806-559ff5de-0	Q155	'Brazil'@en	P2936	'language used'@en	Q3304806	'Sakirabiá'@en	wikibase-item								
Q155-P2936-Q7406296-06965775-0	Q155	'Brazil'@en	P2936	'language used'@en	Q7406296	'Salumá'@en	wikibase-item								
Q155-P2936-Q251728-7781f8b2-0	Q155	'Brazil'@en	P2936	'language used'@en	Q251728	'Sanumá'@en	wikibase-item								
Q155-P2936-Q61974839-b95a1326-0	Q155	'Brazil'@en	P2936	'language used'@en	Q61974839	'Shanenawa'@en	wikibase-item								
Q155-P2936-Q2028772-4fcc771b-0	Q155	'Brazil'@en	P2936	'language used'@en	Q2028772	'Shiriana'@en	wikibase-item								
Q155-P2936-Q3443734-afd2dc84-0	Q155	'Brazil'@en	P2936	'language used'@en	Q3443734	'Sikiana'@en	wikibase-item								
Q155-P2936-Q3485264-5ddc2e1b-0	Q155	'Brazil'@en	P2936	'language used'@en	Q3485264	'Siriano'@en	wikibase-item								
Q155-P2936-Q10322149-fba838c7-0	Q155	'Brazil'@en	P2936	'language used'@en	Q10322149	'Suruí do Pará'@en	wikibase-item								
Q155-P2936-Q7646993-1e5df2ed-0	Q155	'Brazil'@en	P2936	'language used'@en	Q7646993	'Suruí'@en	wikibase-item								
Q155-P2936-Q3505859-deab6717-0	Q155	'Brazil'@en	P2936	'language used'@en	Q3505859	'Suyá'@en	wikibase-item								
Q155-P2936-Q7665661-d14455d8-0	Q155	'Brazil'@en	P2936	'language used'@en	Q7665661	'São Paulo Kaingáng'@en	wikibase-item								
Q155-P2936-Q12953908-96d8de24-0	Q155	'Brazil'@en	P2936	'language used'@en	Q12953908	'Tapeba'@en	wikibase-item								
Q155-P2936-Q7684673-8e685a9a-0	Q155	'Brazil'@en	P2936	'language used'@en	Q7684673	'Tapirapé'@en	wikibase-item								
Q155-P2936-Q732726-528c85d3-0	Q155	'Brazil'@en	P2936	'language used'@en	Q732726	'Tariana'@en	wikibase-item								
Q155-P2936-Q63340139-89195ffc-0	Q155	'Brazil'@en	P2936	'language used'@en	Q63340139	'Tawandê'@en	wikibase-item								
Q155-P2936-Q10322157-53c44523-0	Q155	'Brazil'@en	P2936	'language used'@en	Q10322157	'Tembé'@en	wikibase-item								
Q155-P2936-Q10266010-0dcdebd2-0	Q155	'Brazil'@en	P2936	'language used'@en	Q10266010	'Tenharim'@en	wikibase-item								
Q155-P2936-Q3314742-c3add61c-0	Q155	'Brazil'@en	P2936	'language used'@en	Q3314742	'Terêna'@en	wikibase-item								
Q155-P2936-Q1815205-484a665a-0	Q155	'Brazil'@en	P2936	'language used'@en	Q1815205	'Ticuna'@en	wikibase-item								
Q155-P2936-Q7808195-c98b0ea6-0	Q155	'Brazil'@en	P2936	'language used'@en	Q7808195	'Tingui-Botó'@en	wikibase-item								
Q155-P2936-Q56885-b0307faa-0	Q155	'Brazil'@en	P2936	'language used'@en	Q56885	'Tiriyó'@en	wikibase-item								
Q155-P2936-Q32041490-e480c023-0	Q155	'Brazil'@en	P2936	'language used'@en	Q32041490	'Tocantins Asurini'@en	wikibase-item								
Q155-P2936-Q7827518-89e744c6-0	Q155	'Brazil'@en	P2936	'language used'@en	Q7827518	'Torá'@en	wikibase-item								
Q155-P2936-Q5246937-d3c00e28-0	Q155	'Brazil'@en	P2936	'language used'@en	Q5246937	'Tremembé'@en	wikibase-item								
Q155-P2936-Q7847648-4f203e07-0	Q155	'Brazil'@en	P2936	'language used'@en	Q7847648	'Truká'@en	wikibase-item								
Q155-P2936-Q12294279-00f4f0bb-0	Q155	'Brazil'@en	P2936	'language used'@en	Q12294279	'Trumai'@en	wikibase-item								
Q155-P2936-Q3541834-cb0a893e-0	Q155	'Brazil'@en	P2936	'language used'@en	Q3541834	'Tucano'@en	wikibase-item								
Q155-P2936-Q42330115-b7588dd4-0	Q155	'Brazil'@en	P2936	'language used'@en	Q42330115	'Tukumanféd'@en	wikibase-item								
Q155-P2936-Q3542217-27676204-0	Q155	'Brazil'@en	P2936	'language used'@en	Q3542217	'Tuparí'@en	wikibase-item								
Q155-P2936-Q33924-78bd661c-0	Q155	'Brazil'@en	P2936	'language used'@en	Q33924	'Tupiniquim'@en	wikibase-item								
Q155-P2936-Q3542307-bd214aaa-0	Q155	'Brazil'@en	P2936	'language used'@en	Q3542307	'Turiwára'@en	wikibase-item								
Q155-P2936-Q7857204-4dcfc333-0	Q155	'Brazil'@en	P2936	'language used'@en	Q7857204	'Tuxináwa'@en	wikibase-item								
Q155-P2936-Q7857217-21430ded-0	Q155	'Brazil'@en	P2936	'language used'@en	Q7857217	'Tuxá'@en	wikibase-item								
Q155-P2936-Q2520538-51edcf20-0	Q155	'Brazil'@en	P2936	'language used'@en	Q2520538	'Tuyuca'@en	wikibase-item								
Q155-P2936-Q3501858-a863795a-0	Q155	'Brazil'@en	P2936	'language used'@en	Q3501858	'Ucayali–Yurúa Ashéninka'@en	wikibase-item								
Q155-P2936-Q7881740-d11eaf61-0	Q155	'Brazil'@en	P2936	'language used'@en	Q7881740	'Umotína'@en	wikibase-item								
Q155-P2936-Q7901376-cf9333a8-0	Q155	'Brazil'@en	P2936	'language used'@en	Q7901376	'Uru-Pa-In'@en	wikibase-item								
Q155-P2936-Q10266012-b95a17d6-0	Q155	'Brazil'@en	P2936	'language used'@en	Q10266012	'Uru-eu-wau-wau'@en	wikibase-item								
Q155-P2936-Q13893353-16f700c1-0	Q155	'Brazil'@en	P2936	'language used'@en	Q13893353	'Urubú-Kaapor'@en	wikibase-item								
Q155-P2936-Q7901530-934e21ae-0	Q155	'Brazil'@en	P2936	'language used'@en	Q7901530	'Urumi'@en	wikibase-item								
Q155-P2936-Q7960056-c826d799-0	Q155	'Brazil'@en	P2936	'language used'@en	Q7960056	'Waiká'@en	wikibase-item								
Q155-P2936-Q2883738-441977b4-0	Q155	'Brazil'@en	P2936	'language used'@en	Q2883738	'Waimahã'@en	wikibase-item								
Q155-P2936-Q56865-29fc4565-0	Q155	'Brazil'@en	P2936	'language used'@en	Q56865	'Waimiri-Atroarí'@en	wikibase-item								
Q155-P2936-Q56632-2d224b62-0	Q155	'Brazil'@en	P2936	'language used'@en	Q56632	'Waiwai'@en	wikibase-item								
Q155-P2936-Q3573266-1b3abe61-0	Q155	'Brazil'@en	P2936	'language used'@en	Q3573266	'Wajiara'@en	wikibase-item								
Q155-P2936-Q7961205-d7950284-0	Q155	'Brazil'@en	P2936	'language used'@en	Q7961205	'Wakoná'@en	wikibase-item								
Q155-P2936-Q3566001-1432b7a6-0	Q155	'Brazil'@en	P2936	'language used'@en	Q3566001	'Wanano'@en	wikibase-item								
Q155-P2936-Q3194265-d1fe7997-0	Q155	'Brazil'@en	P2936	'language used'@en	Q3194265	'Waninnawa'@en	wikibase-item								
Q155-P2936-Q3450493-8348e03c-0	Q155	'Brazil'@en	P2936	'language used'@en	Q3450493	'Wapishana'@en	wikibase-item								
Q155-P2936-Q1091095-aba72438-0	Q155	'Brazil'@en	P2936	'language used'@en	Q1091095	'Warekena'@en	wikibase-item								
Q155-P2936-Q3027909-2175016f-0	Q155	'Brazil'@en	P2936	'language used'@en	Q3027909	'Wari’'@en	wikibase-item								
Q155-P2936-Q7972892-178d6270-0	Q155	'Brazil'@en	P2936	'language used'@en	Q7972892	'Wasu'@en	wikibase-item								
Q155-P2936-Q3450522-51219ea9-0	Q155	'Brazil'@en	P2936	'language used'@en	Q3450522	'Waurá'@en	wikibase-item								
Q155-P2936-Q7975842-867a2915-0	Q155	'Brazil'@en	P2936	'language used'@en	Q7975842	'Wayampi'@en	wikibase-item								
Q155-P2936-Q5908753-0af85dd5-0	Q155	'Brazil'@en	P2936	'language used'@en	Q5908753	'Wayana'@en	wikibase-item								
Q155-P2936-Q2875044-0909f06a-0	Q155	'Brazil'@en	P2936	'language used'@en	Q2875044	'Wayoró'@en	wikibase-item								
Q155-P2936-Q12953970-6f488407-0	Q155	'Brazil'@en	P2936	'language used'@en	Q12953970	'Wiraféd'@en	wikibase-item								
Q155-P2936-Q3073441-d988e840-0	Q155	'Brazil'@en	P2936	'language used'@en	Q3073441	'Xakriabá'@en	wikibase-item								
Q155-P2936-Q36962-8cabde6a-0	Q155	'Brazil'@en	P2936	'language used'@en	Q36962	'Xavante'@en	wikibase-item								
Q155-P2936-Q3073436-b908b193-0	Q155	'Brazil'@en	P2936	'language used'@en	Q3073436	'Xerénte'@en	wikibase-item								
Q155-P2936-Q2980404-66b209a1-0	Q155	'Brazil'@en	P2936	'language used'@en	Q2980404	'Xeta'@en	wikibase-item								
Q155-P2936-Q8044571-49bd8e59-0	Q155	'Brazil'@en	P2936	'language used'@en	Q8044571	'Xingú Asuriní'@en	wikibase-item								
Q155-P2936-Q13226-bdbed4a4-0	Q155	'Brazil'@en	P2936	'language used'@en	Q13226	'Xipaya'@en	wikibase-item								
Q155-P2936-Q12953620-a8adfaf4-0	Q155	'Brazil'@en	P2936	'language used'@en	Q12953620	'Xocó'@en	wikibase-item								
Q155-P2936-Q3027930-e7302ac3-0	Q155	'Brazil'@en	P2936	'language used'@en	Q3027930	'Xokleng'@en	wikibase-item								
Q155-P2936-Q9096758-08f7661a-0	Q155	'Brazil'@en	P2936	'language used'@en	Q9096758	'Xukuru'@en	wikibase-item								
Q155-P2936-Q3450534-4d93aa2f-0	Q155	'Brazil'@en	P2936	'language used'@en	Q3450534	'Yabaâna'@en	wikibase-item								
Q155-P2936-Q3026110-0cca3b68-0	Q155	'Brazil'@en	P2936	'language used'@en	Q3026110	'Yaminawa'@en	wikibase-item								
Q155-P2936-Q8048928-b3dac95f-0	Q155	'Brazil'@en	P2936	'language used'@en	Q8048928	'Yanomamö'@en	wikibase-item								
Q155-P2936-Q24190396-7da7b518-0	Q155	'Brazil'@en	P2936	'language used'@en	Q24190396	'Yaroamë'@en	wikibase-item								
Q155-P2936-Q3450709-dd73cc4b-0	Q155	'Brazil'@en	P2936	'language used'@en	Q3450709	'Yawalapití'@en	wikibase-item								
Q155-P2936-Q10322118-af6ce513-0	Q155	'Brazil'@en	P2936	'language used'@en	Q10322118	'Yawanawa'@en	wikibase-item								
Q155-P2936-Q3082027-efce7d1a-0	Q155	'Brazil'@en	P2936	'language used'@en	Q3082027	'Ye\'kuana'@en	wikibase-item								
Q155-P2936-Q3573115-79025839-0	Q155	'Brazil'@en	P2936	'language used'@en	Q3573115	'Yuhup'@en	wikibase-item								
Q155-P2936-Q8073148-9b29d4fe-0	Q155	'Brazil'@en	P2936	'language used'@en	Q8073148	'Zo\'é'@en	wikibase-item								
Q155-P2936-Q3114402-2076a37e-0	Q155	'Brazil'@en	P2936	'language used'@en	Q3114402	'Zuruahá'@en	wikibase-item								
Q155-P37-Q3436689-43cb42bb-0	Q155	'Brazil'@en	P37	'official language'@en	Q3436689	'Brazilian Sign Language'@en	wikibase-item	Q155-P37-Q3436689-43cb42bb-0-P805-Q2666455-0	Q155-P37-Q3436689-43cb42bb-0		P805	'statement is subject of'@en	Q2666455	'languages of Brazil'@en	wikibase-item
Q155-P37-Q5146-11c20e95-0	Q155	'Brazil'@en	P37	'official language'@en	Q5146	'Portuguese'@en	wikibase-item	Q155-P37-Q5146-11c20e95-0-P4626-Q750553-0	Q155-P37-Q5146-11c20e95-0		P4626	'identity of object in context'@en	Q750553	'Brazilian Portuguese'@en	wikibase-item
Q155-P37-Q5146-11c20e95-0	Q155	'Brazil'@en	P37	'official language'@en	Q5146	'Portuguese'@en	wikibase-item	Q155-P37-Q5146-11c20e95-0-P805-Q2666455-0	Q155-P37-Q5146-11c20e95-0		P805	'statement is subject of'@en	Q2666455	'languages of Brazil'@en	wikibase-item
